<ImportExportXml version="9.2.26014.143" SolutionPackageVersion="9.2" languagecode="3082" generatedBy="CrmLive" xmlns:xsi="http://www.w3.org/2001/XMLSchema-instance" OrganizationVersion="9.2.26014.143" OrganizationSchemaType="Standard" CRMServerServiceabilityVersion="9.2.26014.00145">
  <SolutionManifest>
    <UniqueName>Sol_AutomatizacionSolicitudes</UniqueName>
    <LocalizedNames>
      <LocalizedName description="Sol_AutomatizacionSolicitudes" languagecode="3082" />
    </LocalizedNames>
    <Descriptions />
    <Version>1.0.0.1</Version>
    <Managed>1</Managed>
    <Publisher>
      <UniqueName>Credfcb</UniqueName>
      <LocalizedNames>
        <LocalizedName description="CDS Default Publisher" languagecode="3082" />
      </LocalizedNames>
      <Descriptions />
      <EMailAddress xsi:nil="true"></EMailAddress>
      <SupportingWebsiteUrl xsi:nil="true"></SupportingWebsiteUrl>
      <CustomizationPrefix>crfd2</CustomizationPrefix>
      <CustomizationOptionValuePrefix>58004</CustomizationOptionValuePrefix>
      <Addresses>
        <Address>
          <AddressNumber>1</AddressNumber>
          <AddressTypeCode xsi:nil="true"></AddressTypeCode>
          <City xsi:nil="true"></City>
          <County xsi:nil="true"></County>
          <Country xsi:nil="true"></Country>
          <Fax xsi:nil="true"></Fax>
          <FreightTermsCode xsi:nil="true"></FreightTermsCode>
          <ImportSequenceNumber xsi:nil="true"></ImportSequenceNumber>
          <Latitude xsi:nil="true"></Latitude>
          <Line1 xsi:nil="true"></Line1>
          <Line2 xsi:nil="true"></Line2>
          <Line3 xsi:nil="true"></Line3>
          <Longitude xsi:nil="true"></Longitude>
          <Name xsi:nil="true"></Name>
          <PostalCode xsi:nil="true"></PostalCode>
          <PostOfficeBox xsi:nil="true"></PostOfficeBox>
          <PrimaryContactName xsi:nil="true"></PrimaryContactName>
          <ShippingMethodCode xsi:nil="true"></ShippingMethodCode>
          <StateOrProvince xsi:nil="true"></StateOrProvince>
          <Telephone1 xsi:nil="true"></Telephone1>
          <Telephone2 xsi:nil="true"></Telephone2>
          <Telephone3 xsi:nil="true"></Telephone3>
          <TimeZoneRuleVersionNumber xsi:nil="true"></TimeZoneRuleVersionNumber>
          <UPSZone xsi:nil="true"></UPSZone>
          <UTCOffset xsi:nil="true"></UTCOffset>
          <UTCConversionTimeZoneCode xsi:nil="true"></UTCConversionTimeZoneCode>
        </Address>
        <Address>
          <AddressNumber>2</AddressNumber>
          <AddressTypeCode xsi:nil="true"></AddressTypeCode>
          <City xsi:nil="true"></City>
          <County xsi:nil="true"></County>
          <Country xsi:nil="true"></Country>
          <Fax xsi:nil="true"></Fax>
          <FreightTermsCode xsi:nil="true"></FreightTermsCode>
          <ImportSequenceNumber xsi:nil="true"></ImportSequenceNumber>
          <Latitude xsi:nil="true"></Latitude>
          <Line1 xsi:nil="true"></Line1>
          <Line2 xsi:nil="true"></Line2>
          <Line3 xsi:nil="true"></Line3>
          <Longitude xsi:nil="true"></Longitude>
          <Name xsi:nil="true"></Name>
          <PostalCode xsi:nil="true"></PostalCode>
          <PostOfficeBox xsi:nil="true"></PostOfficeBox>
          <PrimaryContactName xsi:nil="true"></PrimaryContactName>
          <ShippingMethodCode xsi:nil="true"></ShippingMethodCode>
          <StateOrProvince xsi:nil="true"></StateOrProvince>
          <Telephone1 xsi:nil="true"></Telephone1>
          <Telephone2 xsi:nil="true"></Telephone2>
          <Telephone3 xsi:nil="true"></Telephone3>
          <TimeZoneRuleVersionNumber xsi:nil="true"></TimeZoneRuleVersionNumber>
          <UPSZone xsi:nil="true"></UPSZone>
          <UTCOffset xsi:nil="true"></UTCOffset>
          <UTCConversionTimeZoneCode xsi:nil="true"></UTCConversionTimeZoneCode>
        </Address>
      </Addresses>
    </Publisher>
    <RootComponents>
      <RootComponent type="1" schemaName="crfd2_logerrores" behavior="0" />
      <RootComponent type="1" schemaName="crfd2_solicitudes" behavior="0" />
      <RootComponent type="29" id="{5356fcf7-0f05-f111-8407-7ced8da8dc4e}" behavior="0" />
      <RootComponent type="300" schemaName="crfd2_appsolicitudes_9f690" behavior="0" />
    </RootComponents>
    <MissingDependencies>
      <MissingDependency>
        <Required type="1" schemaName="connectionreference" displayName="Referencia de conexión" solution="PowerPlatformConnectionReferences (1.3.13.0)">
          <package appName="PowerPlatformConnectionReferences" version="1.12.20.0">PowerPlatformConnectionReferencesAnchor (1.12.20.0)</package>
        </Required>
        <Dependent type="300" schemaName="crfd2_appsolicitudes_9f690" displayName="AppSolicitudes" />
      </MissingDependency>
      <MissingDependency>
        <Required type="connectionreference" displayName="msdyn_Dataverse" solution="msdynce_KnowledgeManagementOnlineExtension (9.0.26013.3008)" id.connectionreferencelogicalname="msdyn_Dataverse">
          <package appName="msdynce_KnowledgeManagement" version="9.0.26013.3008">msdynce_KnowledgeManagementAnchor (9.0.26013.3008)</package>
        </Required>
        <Dependent type="connectionreference" displayName="msdyn_Dataverse" id.connectionreferencelogicalname="msdyn_Dataverse" />
      </MissingDependency>
    </MissingDependencies>
  </SolutionManifest>
</ImportExportXml>