{
  "properties": {
    "connectionReferences": {
      "shared_approvals": {
        "runtimeSource": "embedded",
        "connection": {
          "connectionReferenceLogicalName": "crfd2_sharedapprovals_bdc1c"
        },
        "api": {
          "name": "shared_approvals"
        }
      },
      "shared_commondataserviceforapps_1": {
        "runtimeSource": "embedded",
        "connection": {
          "connectionReferenceLogicalName": "crfd2_sharedcommondataserviceforapps_59d0b"
        },
        "api": {
          "name": "shared_commondataserviceforapps"
        }
      }
    },
    "definition": {
      "$schema": "https://schema.management.azure.com/providers/Microsoft.Logic/schemas/2016-06-01/workflowdefinition.json#",
      "contentVersion": "1.0.0.0",
      "parameters": {
        "$connections": {
          "defaultValue": {},
          "type": "Object"
        },
        "$authentication": {
          "defaultValue": {},
          "type": "SecureObject"
        }
      },
      "triggers": {
        "Cuando_se_agrega,_modifica_o_elimina_una_fila": {
          "metadata": {
            "operationMetadataId": "7ef53fab-e75c-4073-aab6-85b481fba273"
          },
          "type": "OpenApiConnectionWebhook",
          "inputs": {
            "host": {
              "connectionName": "shared_commondataserviceforapps_1",
              "operationId": "SubscribeWebhookTrigger",
              "apiId": "/providers/Microsoft.PowerApps/apis/shared_commondataserviceforapps"
            },
            "parameters": {
              "subscriptionRequest/message": 4,
              "subscriptionRequest/entityname": "crfd2_solicitudes",
              "subscriptionRequest/scope": 4
            },
            "authentication": "@parameters('$authentication')"
          }
        }
      },
      "actions": {
        "Condición": {
          "actions": {
            "Iniciar_y_esperar_una_aprobación": {
              "runAfter": {},
              "metadata": {
                "operationMetadataId": "2e0e1cbe-ba07-419e-8320-f3ba625f44ff"
              },
              "type": "OpenApiConnectionWebhook",
              "inputs": {
                "host": {
                  "connectionName": "shared_approvals",
                  "operationId": "StartAndWaitForAnApproval",
                  "apiId": "/providers/Microsoft.PowerApps/apis/shared_approvals"
                },
                "parameters": {
                  "approvalType": "Basic",
                  "WebhookApprovalCreationInput/title": "@triggerOutputs()?['body/crfd2_titulo']",
                  "WebhookApprovalCreationInput/assignedTo": "ronald2191927@correo.uis.edu.co;",
                  "WebhookApprovalCreationInput/enableNotifications": true,
                  "WebhookApprovalCreationInput/enableReassignment": true
                },
                "authentication": "@parameters('$authentication')"
              }
            },
            "Aplicar_a_cada_uno": {
              "foreach": "@outputs('Iniciar_y_esperar_una_aprobación')?['body/responses']",
              "actions": {
                "Condición_2": {
                  "actions": {
                    "Actualizar_una_fila": {
                      "runAfter": {},
                      "metadata": {
                        "operationMetadataId": "f32d0cb0-38f7-4112-9463-7260abff3a9a"
                      },
                      "type": "OpenApiConnection",
                      "inputs": {
                        "host": {
                          "connectionName": "shared_commondataserviceforapps_1",
                          "operationId": "UpdateOnlyRecord",
                          "apiId": "/providers/Microsoft.PowerApps/apis/shared_commondataserviceforapps"
                        },
                        "parameters": {
                          "entityName": "crfd2_solicitudeses",
                          "recordId": "@triggerOutputs()?['body/crfd2_solicitudesid']",
                          "item/crfd2_estado": 580040001
                        },
                        "authentication": "@parameters('$authentication')"
                      }
                    }
                  },
                  "runAfter": {},
                  "else": {
                    "actions": {
                      "Actualizar_una_fila_2": {
                        "runAfter": {},
                        "metadata": {
                          "operationMetadataId": "49fc15b2-54bb-426a-b81b-f5282e638a93"
                        },
                        "type": "OpenApiConnection",
                        "inputs": {
                          "host": {
                            "connectionName": "shared_commondataserviceforapps_1",
                            "operationId": "UpdateOnlyRecord",
                            "apiId": "/providers/Microsoft.PowerApps/apis/shared_commondataserviceforapps"
                          },
                          "parameters": {
                            "entityName": "crfd2_solicitudeses",
                            "recordId": "@triggerOutputs()?['body/crfd2_solicitudesid']",
                            "item/crfd2_estado": 580040002
                          },
                          "authentication": "@parameters('$authentication')"
                        }
                      }
                    }
                  },
                  "expression": {
                    "equals": [
                      "@items('Aplicar_a_cada_uno')?['approverResponse']",
                      "Approve"
                    ]
                  },
                  "metadata": {
                    "operationMetadataId": "655ad16e-23c1-48ee-8004-15269de31903"
                  },
                  "type": "If"
                }
              },
              "runAfter": {
                "Iniciar_y_esperar_una_aprobación": [
                  "Succeeded"
                ]
              },
              "metadata": {
                "operationMetadataId": "62d9c0e0-4ee1-4b25-8fad-429c4dc368fc"
              },
              "type": "Foreach"
            }
          },
          "runAfter": {},
          "else": {
            "actions": {
              "Actualizar_una_fila_3": {
                "runAfter": {},
                "metadata": {
                  "operationMetadataId": "fe7982ef-f2d0-4f8e-8e78-b6b576ed7ea2"
                },
                "type": "OpenApiConnection",
                "inputs": {
                  "host": {
                    "connectionName": "shared_commondataserviceforapps_1",
                    "operationId": "UpdateOnlyRecord",
                    "apiId": "/providers/Microsoft.PowerApps/apis/shared_commondataserviceforapps"
                  },
                  "parameters": {
                    "entityName": "crfd2_solicitudeses",
                    "recordId": "@triggerOutputs()?['body/crfd2_solicitudesid']",
                    "item/crfd2_estado": 580040001
                  },
                  "authentication": "@parameters('$authentication')"
                }
              }
            }
          },
          "expression": {
            "equals": [
              "@triggerOutputs()?['body/crfd2_prioridad']",
              580040000
            ]
          },
          "metadata": {
            "operationMetadataId": "78d4e1cd-a9f0-4e53-ba8c-5f190abd8d20"
          },
          "type": "If"
        },
        "Agregar_una_fila_nueva": {
          "runAfter": {
            "Condición": [
              "Failed"
            ]
          },
          "metadata": {
            "operationMetadataId": "bb13f9c3-76f2-437f-a8ac-7e21f470903c"
          },
          "type": "OpenApiConnection",
          "inputs": {
            "host": {
              "connectionName": "shared_commondataserviceforapps_1",
              "operationId": "CreateRecord",
              "apiId": "/providers/Microsoft.PowerApps/apis/shared_commondataserviceforapps"
            },
            "parameters": {
              "entityName": "crfd2_logerroreses",
              "item/crfd2_flujo": "Flujo de aprobación Solicitudes",
              "item/crfd2_detalleerror": "@concat('Error en el flujo: ', string(triggerOutputs()))",
              "item/crfd2_fechaerror": "@utcNow()"
            },
            "authentication": "@parameters('$authentication')"
          }
        }
      }
    },
    "templateName": ""
  },
  "schemaVersion": "1.0.0.0"
}